id,report_type,generated_at,title,summary,key_findings,recommendations,risk_assessment,data_period_start,data_period_end,confidence_score,created_at
1,daily,2025-06-28 05:43:47.158212,Bitcoin Daily Analysis - 2025-06-28,"Bitcoin在过去24小时内交易于$107,327.00-$107,327.00区间，平均价格$107,327.00，日内波动率0.0%。网络算力维持在904.9 EH/s水平。","{'price_range': '$107,327.00 - $107,327.00', 'avg_price': '$107,327.00', 'avg_hashrate': '904.89 EH/s', 'market_sentiment': '贪婪', 'rsi_signal': '数据不足'}","['低波动环境，适合长期持有策略', '网络算力强劲，网络安全性高']","{'risk_score': 40, 'risk_level': '中', 'factors': ['价格波动率', '技术指标', '市场情绪']}",2025-06-27 05:43:47.158294,2025-06-28 05:43:47.158299,0.85,2025-06-28 05:43:47.286769
2,daily,2025-06-28 05:44:23.954670,Bitcoin Daily Analysis - 2025-06-28,"Bitcoin在过去24小时内交易于$107,315.00-$107,327.00区间，平均价格$107,321.00，日内波动率0.0%。网络算力维持在904.9 EH/s水平。","{'price_range': '$107,315.00 - $107,327.00', 'avg_price': '$107,321.00', 'avg_hashrate': '904.89 EH/s', 'market_sentiment': '贪婪', 'rsi_signal': '数据不足'}","['低波动环境，适合长期持有策略', '网络算力强劲，网络安全性高']","{'risk_score': 40, 'risk_level': '中', 'factors': ['价格波动率', '技术指标', '市场情绪']}",2025-06-27 05:44:23.954775,2025-06-28 05:44:23.954784,0.85,2025-06-28 05:44:24.087556
3,daily,2025-06-29 00:00:11.955948,Bitcoin Daily Analysis - 2025-06-29,"Bitcoin在过去24小时内交易于$107,226.00-$107,451.00区间，平均价格$107,327.89，日内波动率0.2%。网络算力维持在856.6 EH/s水平。","{'price_range': '$107,226.00 - $107,451.00', 'avg_price': '$107,327.89', 'avg_hashrate': '856.60 EH/s', 'market_sentiment': '贪婪', 'rsi_signal': '数据不足'}","['低波动环境，适合长期持有策略', '网络算力强劲，网络安全性高']","{'risk_score': 40, 'risk_level': '中', 'factors': ['价格波动率', '技术指标', '市场情绪']}",2025-06-28 00:00:11.956053,2025-06-29 00:00:11.956060,0.85,2025-06-29 00:00:14.296750
4,daily,2025-06-30 00:00:15.956792,Bitcoin Daily Analysis - 2025-06-30,"Bitcoin在过去24小时内交易于$107,247.00-$108,376.00区间，平均价格$107,875.58，日内波动率1.0%。网络算力维持在852.3 EH/s水平。","{'price_range': '$107,247.00 - $108,376.00', 'avg_price': '$107,875.58', 'avg_hashrate': '852.30 EH/s', 'market_sentiment': '贪婪', 'rsi_signal': '数据不足'}","['低波动环境，适合长期持有策略', '网络算力强劲，网络安全性高']","{'risk_score': 40, 'risk_level': '中', 'factors': ['价格波动率', '技术指标', '市场情绪']}",2025-06-29 00:00:15.956899,2025-06-30 00:00:15.956906,0.85,2025-06-30 00:00:16.461223
5,daily,2025-06-30 00:00:47.489297,Bitcoin Daily Analysis - 2025-06-30,"Bitcoin在过去24小时内交易于$107,247.00-$108,376.00区间，平均价格$107,875.58，日内波动率1.0%。网络算力维持在852.3 EH/s水平。","{'price_range': '$107,247.00 - $108,376.00', 'avg_price': '$107,875.58', 'avg_hashrate': '852.30 EH/s', 'market_sentiment': '贪婪', 'rsi_signal': '数据不足'}","['低波动环境，适合长期持有策略', '网络算力强劲，网络安全性高']","{'risk_score': 40, 'risk_level': '中', 'factors': ['价格波动率', '技术指标', '市场情绪']}",2025-06-29 00:00:47.489421,2025-06-30 00:00:47.489429,0.85,2025-06-30 00:00:47.631044
6,daily,2025-06-30 21:34:39.337576,Bitcoin Daily Analysis - 2025-06-30,"Bitcoin在过去24小时内交易于$106,837.00-$108,773.00区间，平均价格$108,131.73，日内波动率1.8%。网络算力维持在903.4 EH/s水平。技术指标处于中性区间。","{'price_range': '$106,837.00 - $108,773.00', 'avg_price': '$108,131.73', 'avg_hashrate': '903.43 EH/s', 'market_sentiment': '贪婪', 'rsi_signal': '中性 - 保持观望'}","['低波动环境，适合长期持有策略', '网络算力强劲，网络安全性高']","{'risk_score': 40, 'risk_level': '中', 'factors': ['价格波动率', '技术指标', '市场情绪']}",2025-06-29 21:34:39.337781,2025-06-30 21:34:39.337788,0.85,2025-06-30 21:34:39.485684
7,daily,2025-07-01 00:00:46.086995,Bitcoin Daily Analysis - 2025-07-01,"Bitcoin在过去24小时内交易于$106,837.00-$108,773.00区间，平均价格$107,901.26，日内波动率1.8%。网络算力维持在878.6 EH/s水平。技术指标处于中性区间。","{'price_range': '$106,837.00 - $108,773.00', 'avg_price': '$107,901.26', 'avg_hashrate': '878.62 EH/s', 'market_sentiment': '贪婪', 'rsi_signal': '中性 - 保持观望'}","['低波动环境，适合长期持有策略', '网络算力强劲，网络安全性高']","{'risk_score': 40, 'risk_level': '中', 'factors': ['价格波动率', '技术指标', '市场情绪']}",2025-06-30 00:00:46.087093,2025-07-01 00:00:46.087099,0.85,2025-07-01 00:00:46.331373
8,daily,2025-07-02 00:00:24.185095,Bitcoin Daily Analysis - 2025-07-02,"Bitcoin在过去24小时内交易于$105,490.00-$107,461.00区间，平均价格$106,510.95，日内波动率1.9%。网络算力维持在755.2 EH/s水平。技术指标处于中性区间。","{'price_range': '$105,490.00 - $107,461.00', 'avg_price': '$106,510.95', 'avg_hashrate': '755.20 EH/s', 'market_sentiment': '贪婪', 'rsi_signal': '中性 - 保持观望'}",['低波动环境，适合长期持有策略'],"{'risk_score': 40, 'risk_level': '中', 'factors': ['价格波动率', '技术指标', '市场情绪']}",2025-07-01 00:00:24.185193,2025-07-02 00:00:24.185199,0.85,2025-07-02 00:00:24.505096
9,daily,2025-07-03 00:00:02.910107,Bitcoin Daily Analysis - 2025-07-02,"Bitcoin在过去24小时内交易于$105,440.00-$109,502.00区间，平均价格$106,932.56，日内波动率3.8%。网络算力维持在772.6 EH/s水平。技术指标显示超买状态。","{'price_range': '$105,440.00 - $109,502.00', 'avg_price': '$106,932.56', 'avg_hashrate': '772.62 EH/s', 'market_sentiment': '贪婪', 'rsi_signal': '超买 - 考虑卖出'}",['RSI超买，谨慎追涨'],"{'risk_score': 50, 'risk_level': '中', 'factors': ['价格波动率', '技术指标', '市场情绪']}",2025-07-02 00:00:02.910107,2025-07-03 00:00:02.910107,0.85,2025-07-03 00:00:03.302590
10,daily,2025-07-03 00:00:23.278205,Bitcoin Daily Analysis - 2025-07-02,"Bitcoin在过去24小时内交易于$105,440.00-$109,502.00区间，平均价格$106,932.56，日内波动率3.8%。网络算力维持在772.6 EH/s水平。技术指标显示超买状态。","{'price_range': '$105,440.00 - $109,502.00', 'avg_price': '$106,932.56', 'avg_hashrate': '772.62 EH/s', 'market_sentiment': '贪婪', 'rsi_signal': '超买 - 考虑卖出'}",['RSI超买，谨慎追涨'],"{'risk_score': 50, 'risk_level': '中', 'factors': ['价格波动率', '技术指标', '市场情绪']}",2025-07-02 00:00:23.278205,2025-07-03 00:00:23.278205,0.85,2025-07-03 00:00:23.445603
11,daily,2025-07-04 00:00:18.806848,Bitcoin Daily Analysis - 2025-07-03,"Bitcoin在过去24小时内交易于$108,637.00-$110,378.00区间，平均价格$109,375.69，日内波动率1.6%。网络算力维持在903.5 EH/s水平。技术指标显示超卖状态。","{'price_range': '$108,637.00 - $110,378.00', 'avg_price': '$109,375.69', 'avg_hashrate': '903.55 EH/s', 'market_sentiment': '贪婪', 'rsi_signal': '超卖 - 考虑买入'}","['低波动环境，适合长期持有策略', 'RSI超卖，可考虑逢低买入', '网络算力强劲，网络安全性高']","{'risk_score': 40, 'risk_level': '中', 'factors': ['价格波动率', '技术指标', '市场情绪']}",2025-07-03 00:00:18.806848,2025-07-04 00:00:18.806848,0.85,2025-07-04 00:00:19.635766
12,daily,2025-07-04 00:00:40.754686,Bitcoin Daily Analysis - 2025-07-03,"Bitcoin在过去24小时内交易于$108,637.00-$110,378.00区间，平均价格$109,377.63，日内波动率1.6%。网络算力维持在903.2 EH/s水平。技术指标显示超卖状态。","{'price_range': '$108,637.00 - $110,378.00', 'avg_price': '$109,377.63', 'avg_hashrate': '903.17 EH/s', 'market_sentiment': '贪婪', 'rsi_signal': '超卖 - 考虑买入'}","['低波动环境，适合长期持有策略', 'RSI超卖，可考虑逢低买入', '网络算力强劲，网络安全性高']","{'risk_score': 40, 'risk_level': '中', 'factors': ['价格波动率', '技术指标', '市场情绪']}",2025-07-03 00:00:40.754686,2025-07-04 00:00:40.754686,0.85,2025-07-04 00:00:40.896278
13,daily,2025-07-04 00:00:44.258731,Bitcoin Daily Analysis - 2025-07-03,"Bitcoin在过去24小时内交易于$108,637.00-$110,378.00区间，平均价格$109,379.53，日内波动率1.6%。网络算力维持在902.8 EH/s水平。技术指标显示超卖状态。","{'price_range': '$108,637.00 - $110,378.00', 'avg_price': '$109,379.53', 'avg_hashrate': '902.81 EH/s', 'market_sentiment': '贪婪', 'rsi_signal': '超卖 - 考虑买入'}","['低波动环境，适合长期持有策略', 'RSI超卖，可考虑逢低买入', '网络算力强劲，网络安全性高']","{'risk_score': 60, 'risk_level': '中', 'factors': ['价格波动率', '技术指标', '市场情绪']}",2025-07-03 00:00:44.258731,2025-07-04 00:00:44.258731,0.85,2025-07-04 00:00:44.403496
14,daily,2025-07-05 00:00:43.520406,Bitcoin Daily Analysis - 2025-07-04,"Bitcoin在过去24小时内交易于$107,401.00-$109,660.00区间，平均价格$108,739.60，日内波动率2.1%。网络算力维持在828.7 EH/s水平。技术指标处于中性区间。","{'price_range': '$107,401.00 - $109,660.00', 'avg_price': '$108,739.60', 'avg_hashrate': '828.69 EH/s', 'market_sentiment': '贪婪', 'rsi_signal': '中性 - 保持观望'}",['网络算力强劲，网络安全性高'],"{'risk_score': 50, 'risk_level': '中', 'factors': ['价格波动率', '技术指标', '市场情绪']}",2025-07-04 00:00:43.520406,2025-07-05 00:00:43.520406,0.85,2025-07-05 00:00:43.821832
15,daily,2025-07-06 00:00:29.705625,Bitcoin Daily Analysis - 2025-07-05,"Bitcoin在过去24小时内交易于$107,860.00-$108,243.00区间，平均价格$108,107.28，日内波动率0.4%。网络算力维持在923.4 EH/s水平。技术指标显示超买状态。","{'price_range': '$107,860.00 - $108,243.00', 'avg_price': '$108,107.28', 'avg_hashrate': '923.36 EH/s', 'market_sentiment': '贪婪', 'rsi_signal': '超买 - 考虑卖出'}","['低波动环境，适合长期持有策略', 'RSI超买，谨慎追涨', '网络算力强劲，网络安全性高']","{'risk_score': 40, 'risk_level': '中', 'factors': ['价格波动率', '技术指标', '市场情绪']}",2025-07-05 00:00:29.705625,2025-07-06 00:00:29.705625,0.85,2025-07-06 00:00:30.070715
16,daily,2025-07-07 00:00:33.901238,Bitcoin Daily Analysis - 2025-07-06,"Bitcoin在过去24小时内交易于$107,876.00-$109,480.00区间，平均价格$108,476.19，日内波动率1.5%。网络算力维持在875.7 EH/s水平。技术指标处于中性区间。","{'price_range': '$107,876.00 - $109,480.00', 'avg_price': '$108,476.19', 'avg_hashrate': '875.73 EH/s', 'market_sentiment': '贪婪', 'rsi_signal': '中性 - 保持观望'}","['低波动环境，适合长期持有策略', '网络算力强劲，网络安全性高']","{'risk_score': 40, 'risk_level': '中', 'factors': ['价格波动率', '技术指标', '市场情绪']}",2025-07-06 00:00:33.901238,2025-07-07 00:00:33.901238,0.85,2025-07-07 00:00:34.052474
17,daily,2025-07-07 00:00:53.580177,Bitcoin Daily Analysis - 2025-07-06,"Bitcoin在过去24小时内交易于$107,876.00-$109,480.00区间，平均价格$108,484.15，日内波动率1.5%。网络算力维持在875.9 EH/s水平。技术指标处于中性区间。","{'price_range': '$107,876.00 - $109,480.00', 'avg_price': '$108,484.15', 'avg_hashrate': '875.88 EH/s', 'market_sentiment': '贪婪', 'rsi_signal': '中性 - 保持观望'}","['低波动环境，适合长期持有策略', '网络算力强劲，网络安全性高']","{'risk_score': 40, 'risk_level': '中', 'factors': ['价格波动率', '技术指标', '市场情绪']}",2025-07-06 00:00:53.580177,2025-07-07 00:00:53.580177,0.85,2025-07-07 00:00:53.959393
18,daily,2025-07-08 00:00:39.074055,Bitcoin Daily Analysis - 2025-07-07,"Bitcoin在过去24小时内交易于$107,837.00-$109,527.00区间，平均价格$108,764.01，日内波动率1.6%。网络算力维持在894.7 EH/s水平。技术指标处于中性区间。","{'price_range': '$107,837.00 - $109,527.00', 'avg_price': '$108,764.01', 'avg_hashrate': '894.67 EH/s', 'market_sentiment': '贪婪', 'rsi_signal': '中性 - 保持观望'}","['低波动环境，适合长期持有策略', '网络算力强劲，网络安全性高']","{'risk_score': 40, 'risk_level': '中', 'factors': ['价格波动率', '技术指标', '市场情绪']}",2025-07-07 00:00:39.074055,2025-07-08 00:00:39.074055,0.85,2025-07-08 00:00:39.385508
19,daily,2025-07-10 00:00:16.051485,Bitcoin Daily Analysis - 2025-07-09,"Bitcoin在过去24小时内交易于$108,376.00-$111,745.00区间，平均价格$109,538.23，日内波动率3.1%。网络算力维持在864.2 EH/s水平。技术指标处于中性区间。","{'price_range': '$108,376.00 - $111,745.00', 'avg_price': '$109,538.23', 'avg_hashrate': '864.24 EH/s', 'market_sentiment': '贪婪', 'rsi_signal': '中性 - 保持观望'}",['网络算力强劲，网络安全性高'],"{'risk_score': 50, 'risk_level': '中', 'factors': ['价格波动率', '技术指标', '市场情绪']}",2025-07-09 00:00:16.051485,2025-07-10 00:00:16.051485,0.85,2025-07-10 00:00:16.492814
20,daily,2025-07-11 00:00:11.134985,Bitcoin Daily Analysis - 2025-07-10,"Bitcoin在过去24小时内交易于$110,860.00-$116,477.00区间，平均价格$112,023.48，日内波动率5.0%。网络算力维持在902.6 EH/s水平。技术指标显示超买状态。","{'price_range': '$110,860.00 - $116,477.00', 'avg_price': '$112,023.48', 'avg_hashrate': '902.61 EH/s', 'market_sentiment': '贪婪', 'rsi_signal': '超买 - 考虑卖出'}","['高波动环境，建议分批建仓降低风险', 'RSI超买，谨慎追涨', '网络算力强劲，网络安全性高']","{'risk_score': 65, 'risk_level': '中', 'factors': ['价格波动率', '技术指标', '市场情绪']}",2025-07-10 00:00:11.134985,2025-07-11 00:00:11.134985,0.85,2025-07-11 00:00:11.438943
21,daily,2025-07-12 00:00:48.022664,Bitcoin Daily Analysis - 2025-07-11,"Bitcoin在过去24小时内交易于$115,554.00-$118,609.00区间，平均价格$117,488.85，日内波动率2.6%。网络算力维持在908.2 EH/s水平。技术指标处于中性区间。","{'price_range': '$115,554.00 - $118,609.00', 'avg_price': '$117,488.85', 'avg_hashrate': '908.19 EH/s', 'market_sentiment': '贪婪', 'rsi_signal': '中性 - 保持观望'}",['网络算力强劲，网络安全性高'],"{'risk_score': 50, 'risk_level': '中', 'factors': ['价格波动率', '技术指标', '市场情绪']}",2025-07-11 00:00:48.022664,2025-07-12 00:00:48.022664,0.85,2025-07-12 00:00:48.421135
22,daily,2025-07-13 00:01:40.349660,Bitcoin Daily Analysis - 2025-07-12,"Bitcoin在过去24小时内交易于$117,188.00-$118,171.00区间，平均价格$117,595.65，日内波动率0.8%。网络算力维持在902.8 EH/s水平。技术指标处于中性区间。","{'price_range': '$117,188.00 - $118,171.00', 'avg_price': '$117,595.65', 'avg_hashrate': '902.79 EH/s', 'market_sentiment': '极度贪婪', 'rsi_signal': '中性 - 保持观望'}","['低波动环境，适合长期持有策略', '网络算力强劲，网络安全性高']","{'risk_score': 40, 'risk_level': '中', 'factors': ['价格波动率', '技术指标', '市场情绪']}",2025-07-12 00:01:40.349660,2025-07-13 00:01:40.349660,0.85,2025-07-13 00:01:40.549984
23,daily,2025-07-17 00:00:58.775275,Bitcoin Daily Analysis - 2025-07-16,"Bitcoin在过去24小时内交易于$117,147.00-$119,954.00区间，平均价格$118,071.71，日内波动率2.4%。网络算力维持在931.8 EH/s水平。技术指标处于中性区间。","{'price_range': '$117,147.00 - $119,954.00', 'avg_price': '$118,071.71', 'avg_hashrate': '931.82 EH/s', 'market_sentiment': '贪婪', 'rsi_signal': '中性 - 保持观望'}",['网络算力强劲，网络安全性高'],"{'risk_score': 50, 'risk_level': '中', 'factors': ['价格波动率', '技术指标', '市场情绪']}",2025-07-16 00:00:58.775275,2025-07-17 00:00:58.775275,0.85,2025-07-17 00:00:59.126546
24,daily,2025-07-18 00:00:15.177279,Bitcoin Daily Analysis - 2025-07-17,"Bitcoin在过去24小时内交易于$117,727.00-$120,639.00区间，平均价格$118,786.88，日内波动率2.5%。网络算力维持在769.0 EH/s水平。技术指标处于中性区间。","{'price_range': '$117,727.00 - $120,639.00', 'avg_price': '$118,786.88', 'avg_hashrate': '769.03 EH/s', 'market_sentiment': '贪婪', 'rsi_signal': '中性 - 保持观望'}",[],"{'risk_score': 50, 'risk_level': '中', 'factors': ['价格波动率', '技术指标', '市场情绪']}",2025-07-17 00:00:15.177279,2025-07-18 00:00:15.177279,0.85,2025-07-18 00:00:15.558755
25,daily,2025-07-20 00:00:05.251305,Bitcoin Daily Analysis - 2025-07-19,"Bitcoin在过去24小时内交易于$117,539.00-$118,089.00区间，平均价格$117,872.59，日内波动率0.5%。网络算力维持在856.6 EH/s水平。技术指标处于中性区间。","{'price_range': '$117,539.00 - $118,089.00', 'avg_price': '$117,872.59', 'avg_hashrate': '856.62 EH/s', 'market_sentiment': '贪婪', 'rsi_signal': '中性 - 保持观望'}","['低波动环境，适合长期持有策略', '网络算力强劲，网络安全性高']","{'risk_score': 40, 'risk_level': '中', 'factors': ['价格波动率', '技术指标', '市场情绪']}",2025-07-19 00:00:05.251305,2025-07-20 00:00:05.251305,0.85,2025-07-20 00:00:05.569687
26,daily,2025-07-22 00:00:08.445866,Bitcoin Daily Analysis - 2025-07-21,"Bitcoin在过去24小时内交易于$116,792.00-$119,473.00区间，平均价格$118,144.58，日内波动率2.3%。网络算力维持在902.1 EH/s水平。技术指标处于中性区间。","{'price_range': '$116,792.00 - $119,473.00', 'avg_price': '$118,144.58', 'avg_hashrate': '902.06 EH/s', 'market_sentiment': '贪婪', 'rsi_signal': '中性 - 保持观望'}",['网络算力强劲，网络安全性高'],"{'risk_score': 50, 'risk_level': '中', 'factors': ['价格波动率', '技术指标', '市场情绪']}",2025-07-21 00:00:08.445866,2025-07-22 00:00:08.445866,0.85,2025-07-22 00:00:09.103795
27,daily,2025-07-25 00:01:00.322619,Bitcoin Daily Analysis - 2025-07-24,"Bitcoin在过去24小时内交易于$117,702.00-$119,340.00区间，平均价格$118,726.65，日内波动率1.4%。网络算力维持在859.0 EH/s水平。技术指标处于中性区间。","{'price_range': '$117,702.00 - $119,340.00', 'avg_price': '$118,726.65', 'avg_hashrate': '858.99 EH/s', 'market_sentiment': '贪婪', 'rsi_signal': '中性 - 保持观望'}","['低波动环境，适合长期持有策略', '网络算力强劲，网络安全性高']","{'risk_score': 40, 'risk_level': '中', 'factors': ['价格波动率', '技术指标', '市场情绪']}",2025-07-24 00:01:00.322619,2025-07-25 00:01:00.322619,0.85,2025-07-25 00:01:00.659280
28,daily,2025-07-27 00:00:39.565892,Bitcoin Daily Analysis - 2025-07-26,"Bitcoin在过去24小时内交易于$117,343.00-$118,199.00区间，平均价格$117,759.76，日内波动率0.7%。网络算力维持在954.3 EH/s水平。技术指标处于中性区间。","{'price_range': '$117,343.00 - $118,199.00', 'avg_price': '$117,759.76', 'avg_hashrate': '954.31 EH/s', 'market_sentiment': '贪婪', 'rsi_signal': '中性 - 保持观望'}","['低波动环境，适合长期持有策略', '网络算力强劲，网络安全性高']","{'risk_score': 40, 'risk_level': '中', 'factors': ['价格波动率', '技术指标', '市场情绪']}",2025-07-26 00:00:39.565892,2025-07-27 00:00:39.565892,0.85,2025-07-27 00:00:40.052506
29,daily,2025-07-29 00:01:10.012190,Bitcoin Daily Analysis - 2025-07-28,"Bitcoin在过去24小时内交易于$117,682.00-$119,590.00区间，平均价格$118,621.53，日内波动率1.6%。网络算力维持在915.0 EH/s水平。技术指标处于中性区间。","{'price_range': '$117,682.00 - $119,590.00', 'avg_price': '$118,621.53', 'avg_hashrate': '915.02 EH/s', 'market_sentiment': '贪婪', 'rsi_signal': '中性 - 保持观望'}","['低波动环境，适合长期持有策略', '网络算力强劲，网络安全性高']","{'risk_score': 40, 'risk_level': '中', 'factors': ['价格波动率', '技术指标', '市场情绪']}",2025-07-28 00:01:10.012190,2025-07-29 00:01:10.012190,0.85,2025-07-29 00:01:10.586414
30,daily,2025-07-30 00:00:16.386326,Bitcoin Daily Analysis - 2025-07-29,"Bitcoin在过去24小时内交易于$117,178.00-$118,973.00区间，平均价格$118,244.35，日内波动率1.5%。网络算力维持在715.4 EH/s水平。技术指标处于中性区间。","{'price_range': '$117,178.00 - $118,973.00', 'avg_price': '$118,244.35', 'avg_hashrate': '715.43 EH/s', 'market_sentiment': '贪婪', 'rsi_signal': '中性 - 保持观望'}",['低波动环境，适合长期持有策略'],"{'risk_score': 40, 'risk_level': '中', 'factors': ['价格波动率', '技术指标', '市场情绪']}",2025-07-29 00:00:16.386326,2025-07-30 00:00:16.386326,0.85,2025-07-30 00:00:16.698337
31,daily,2025-08-01 00:00:55.025793,Bitcoin Daily Analysis - 2025-07-31,"Bitcoin在过去24小时内交易于$115,701.00-$118,872.00区间，平均价格$117,809.31，日内波动率2.7%。网络算力维持在840.9 EH/s水平。技术指标显示超卖状态。","{'price_range': '$115,701.00 - $118,872.00', 'avg_price': '$117,809.31', 'avg_hashrate': '840.91 EH/s', 'market_sentiment': '贪婪', 'rsi_signal': '超卖 - 考虑买入'}","['RSI超卖，可考虑逢低买入', '网络算力强劲，网络安全性高']","{'risk_score': 70, 'risk_level': '高', 'factors': ['价格波动率', '技术指标', '市场情绪']}",2025-07-31 00:00:55.025793,2025-08-01 00:00:55.025793,0.85,2025-08-01 00:00:55.650018
32,daily,2025-08-02 00:00:54.013548,Bitcoin Daily Analysis - 2025-08-01,"Bitcoin在过去24小时内交易于$112,825.00-$115,959.00区间，平均价格$114,727.38，日内波动率2.7%。网络算力维持在932.2 EH/s水平。技术指标处于中性区间。","{'price_range': '$112,825.00 - $115,959.00', 'avg_price': '$114,727.38', 'avg_hashrate': '932.21 EH/s', 'market_sentiment': '贪婪', 'rsi_signal': '中性 - 保持观望'}",['网络算力强劲，网络安全性高'],"{'risk_score': 50, 'risk_level': '中', 'factors': ['价格波动率', '技术指标', '市场情绪']}",2025-08-01 00:00:54.013548,2025-08-02 00:00:54.013548,0.85,2025-08-02 00:00:54.418811
33,daily,2025-08-04 00:00:04.899058,Bitcoin Daily Analysis - 2025-08-03,"Bitcoin在过去24小时内交易于$112,332.00-$114,583.00区间，平均价格$113,649.63，日内波动率2.0%。网络算力维持在893.7 EH/s水平。技术指标处于中性区间。","{'price_range': '$112,332.00 - $114,583.00', 'avg_price': '$113,649.63', 'avg_hashrate': '893.66 EH/s', 'market_sentiment': '中性', 'rsi_signal': '中性 - 保持观望'}","['低波动环境，适合长期持有策略', '网络算力强劲，网络安全性高']","{'risk_score': 40, 'risk_level': '中', 'factors': ['价格波动率', '技术指标', '市场情绪']}",2025-08-03 00:00:04.899058,2025-08-04 00:00:04.899058,0.85,2025-08-04 00:00:05.233440
34,daily,2025-08-06 00:00:47.296201,Bitcoin Daily Analysis - 2025-08-05,"Bitcoin在过去24小时内交易于$112,870.00-$115,032.00区间，平均价格$114,064.66，日内波动率1.9%。网络算力维持在937.9 EH/s水平。技术指标显示超买状态。","{'price_range': '$112,870.00 - $115,032.00', 'avg_price': '$114,064.66', 'avg_hashrate': '937.87 EH/s', 'market_sentiment': '贪婪', 'rsi_signal': '超买 - 考虑卖出'}","['低波动环境，适合长期持有策略', 'RSI超买，谨慎追涨', '网络算力强劲，网络安全性高']","{'risk_score': 60, 'risk_level': '中', 'factors': ['价格波动率', '技术指标', '市场情绪']}",2025-08-05 00:00:47.296201,2025-08-06 00:00:47.296201,0.85,2025-08-06 00:00:47.442032
35,daily,2025-08-07 00:00:34.133555,Bitcoin Daily Analysis - 2025-08-06,"Bitcoin在过去24小时内交易于$113,402.00-$115,575.00区间，平均价格$114,534.90，日内波动率1.9%。网络算力维持在831.9 EH/s水平。技术指标处于中性区间。","{'price_range': '$113,402.00 - $115,575.00', 'avg_price': '$114,534.90', 'avg_hashrate': '831.88 EH/s', 'market_sentiment': '中性', 'rsi_signal': '中性 - 保持观望'}","['低波动环境，适合长期持有策略', '网络算力强劲，网络安全性高']","{'risk_score': 40, 'risk_level': '中', 'factors': ['价格波动率', '技术指标', '市场情绪']}",2025-08-06 00:00:34.133555,2025-08-07 00:00:34.133555,0.85,2025-08-07 00:00:34.277186
37,daily,2025-08-08 14:49:17.665875,Daily Market Summary,Seed summary for analytics dashboard,"{'trend': 'bullish', 'support': '65k', 'resistance': '70k'}","['accumulate on dips', 'monitor volatility']",{'risk': 'moderate'},,,0.82,2025-08-08 14:49:17.665875
38,daily,2025-08-11 00:00:56.349337,Bitcoin Daily Analysis - 2025-08-10,"Bitcoin在过去24小时内交易于$118,232.00-$119,213.00区间，平均价格$118,669.50，日内波动率0.8%。网络算力维持在828.4 EH/s水平。技术指标显示超买状态。","{'price_range': '$118,232.00 - $119,213.00', 'avg_price': '$118,669.50', 'avg_hashrate': '828.38 EH/s', 'market_sentiment': '贪婪', 'rsi_signal': '超买 - 考虑卖出'}","['低波动环境，适合长期持有策略', 'RSI超买，谨慎追涨', '网络算力强劲，网络安全性高']","{'risk_score': 60, 'risk_level': '中', 'factors': ['价格波动率', '技术指标', '市场情绪']}",2025-08-10 00:00:56.349337,2025-08-11 00:00:56.349337,0.85,2025-08-11 00:00:56.590127
39,daily,2025-08-14 08:00:52.386849,Bitcoin Daily Analysis - 2025-08-14,"Bitcoin在过去24小时内交易于$120,499.00-$124,239.00区间，平均价格$122,845.34，日内波动率3.0%。网络算力维持在997.4 EH/s水平。技术指标显示超卖状态。","{'price_range': '$120,499.00 - $124,239.00', 'avg_price': '$122,845.34', 'avg_hashrate': '997.37 EH/s', 'market_sentiment': '贪婪', 'rsi_signal': '超卖 - 考虑买入'}","['RSI超卖，可考虑逢低买入', '网络算力强劲，网络安全性高']","{'risk_score': 70, 'risk_level': '高', 'factors': ['价格波动率', '技术指标', '市场情绪']}",2025-08-13 08:00:52.386849,2025-08-14 08:00:52.386849,0.85,2025-08-14 08:00:52.865506
40,daily,2025-08-14 20:00:20.121772,Bitcoin Daily Analysis - 2025-08-14,"Bitcoin在过去24小时内交易于$117,683.00-$124,239.00区间，平均价格$122,362.64，日内波动率5.4%。网络算力维持在1013.5 EH/s水平。技术指标处于中性区间。","{'price_range': '$117,683.00 - $124,239.00', 'avg_price': '$122,362.64', 'avg_hashrate': '1013.52 EH/s', 'market_sentiment': '贪婪', 'rsi_signal': '中性 - 保持观望'}","['高波动环境，建议分批建仓降低风险', '网络算力强劲，网络安全性高']","{'risk_score': 65, 'risk_level': '中', 'factors': ['价格波动率', '技术指标', '市场情绪']}",2025-08-13 20:00:20.121772,2025-08-14 20:00:20.121772,0.85,2025-08-14 20:00:20.277970
41,daily,2025-08-14 20:00:20.717946,Bitcoin Daily Analysis - 2025-08-14,"Bitcoin在过去24小时内交易于$117,683.00-$124,239.00区间，平均价格$122,362.64，日内波动率5.4%。网络算力维持在1013.5 EH/s水平。技术指标处于中性区间。","{'price_range': '$117,683.00 - $124,239.00', 'avg_price': '$122,362.64', 'avg_hashrate': '1013.52 EH/s', 'market_sentiment': '贪婪', 'rsi_signal': '中性 - 保持观望'}","['高波动环境，建议分批建仓降低风险', '网络算力强劲，网络安全性高']","{'risk_score': 65, 'risk_level': '中', 'factors': ['价格波动率', '技术指标', '市场情绪']}",2025-08-13 20:00:20.717946,2025-08-14 20:00:20.717946,0.85,2025-08-14 20:00:23.171936
42,daily,2025-08-15 08:00:06.887933,Bitcoin Daily Analysis - 2025-08-15,"Bitcoin在过去24小时内交易于$117,559.00-$121,997.00区间，平均价格$118,576.21，日内波动率3.7%。网络算力维持在1043.6 EH/s水平。技术指标处于中性区间。","{'price_range': '$117,559.00 - $121,997.00', 'avg_price': '$118,576.21', 'avg_hashrate': '1043.63 EH/s', 'market_sentiment': '贪婪', 'rsi_signal': '中性 - 保持观望'}",['网络算力强劲，网络安全性高'],"{'risk_score': 50, 'risk_level': '中', 'factors': ['价格波动率', '技术指标', '市场情绪']}",2025-08-14 08:00:06.887933,2025-08-15 08:00:06.887933,0.85,2025-08-15 08:00:07.600942
43,daily,2025-08-15 20:00:22.093336,Bitcoin Daily Analysis - 2025-08-15,"Bitcoin在过去24小时内交易于$116,960.00-$119,218.00区间，平均价格$117,952.49，日内波动率1.9%。网络算力维持在916.2 EH/s水平。技术指标处于中性区间。","{'price_range': '$116,960.00 - $119,218.00', 'avg_price': '$117,952.49', 'avg_hashrate': '916.21 EH/s', 'market_sentiment': '贪婪', 'rsi_signal': '中性 - 保持观望'}","['低波动环境，适合长期持有策略', '网络算力强劲，网络安全性高']","{'risk_score': 40, 'risk_level': '中', 'factors': ['价格波动率', '技术指标', '市场情绪']}",2025-08-14 20:00:22.093336,2025-08-15 20:00:22.093336,0.85,2025-08-15 20:00:22.797871
44,daily,2025-08-16 08:01:53.823598,Bitcoin Daily Analysis - 2025-08-16,"Bitcoin在过去24小时内交易于$116,960.00-$119,193.00区间，平均价格$117,665.17，日内波动率1.9%。网络算力维持在875.3 EH/s水平。技术指标处于中性区间。","{'price_range': '$116,960.00 - $119,193.00', 'avg_price': '$117,665.17', 'avg_hashrate': '875.28 EH/s', 'market_sentiment': '贪婪', 'rsi_signal': '中性 - 保持观望'}","['低波动环境，适合长期持有策略', '网络算力强劲，网络安全性高']","{'risk_score': 40, 'risk_level': '中', 'factors': ['价格波动率', '技术指标', '市场情绪']}",2025-08-15 08:01:53.823598,2025-08-16 08:01:53.823598,0.85,2025-08-16 08:01:54.214211
45,daily,2025-08-17 08:00:23.483606,Bitcoin Daily Analysis - 2025-08-17,"Bitcoin在过去24小时内交易于$117,276.00-$118,231.00区间，平均价格$117,736.84，日内波动率0.8%。网络算力维持在995.0 EH/s水平。技术指标处于中性区间。","{'price_range': '$117,276.00 - $118,231.00', 'avg_price': '$117,736.84', 'avg_hashrate': '994.98 EH/s', 'market_sentiment': '贪婪', 'rsi_signal': '中性 - 保持观望'}","['低波动环境，适合长期持有策略', '网络算力强劲，网络安全性高']","{'risk_score': 40, 'risk_level': '中', 'factors': ['价格波动率', '技术指标', '市场情绪']}",2025-08-16 08:00:23.483606,2025-08-17 08:00:23.483606,0.85,2025-08-17 08:00:23.821615
46,daily,2025-08-17 20:00:09.953143,Bitcoin Daily Analysis - 2025-08-17,"Bitcoin在过去24小时内交易于$117,276.00-$118,489.00区间，平均价格$117,908.54，日内波动率1.0%。网络算力维持在1009.0 EH/s水平。技术指标显示超卖状态。","{'price_range': '$117,276.00 - $118,489.00', 'avg_price': '$117,908.54', 'avg_hashrate': '1009.01 EH/s', 'market_sentiment': '贪婪', 'rsi_signal': '超卖 - 考虑买入'}","['低波动环境，适合长期持有策略', 'RSI超卖，可考虑逢低买入', '网络算力强劲，网络安全性高']","{'risk_score': 60, 'risk_level': '中', 'factors': ['价格波动率', '技术指标', '市场情绪']}",2025-08-16 20:00:09.953143,2025-08-17 20:00:09.953143,0.85,2025-08-17 20:00:10.116434
47,daily,2025-08-17 20:00:30.164730,Bitcoin Daily Analysis - 2025-08-17,"Bitcoin在过去24小时内交易于$117,276.00-$118,489.00区间，平均价格$117,906.72，日内波动率1.0%。网络算力维持在1008.9 EH/s水平。技术指标显示超卖状态。","{'price_range': '$117,276.00 - $118,489.00', 'avg_price': '$117,906.72', 'avg_hashrate': '1008.93 EH/s', 'market_sentiment': '贪婪', 'rsi_signal': '超卖 - 考虑买入'}","['低波动环境，适合长期持有策略', 'RSI超卖，可考虑逢低买入', '网络算力强劲，网络安全性高']","{'risk_score': 60, 'risk_level': '中', 'factors': ['价格波动率', '技术指标', '市场情绪']}",2025-08-16 20:00:30.164730,2025-08-17 20:00:30.164730,0.85,2025-08-17 20:00:30.521927
48,daily,2025-08-18 08:00:28.883801,Bitcoin Daily Analysis - 2025-08-18,"Bitcoin在过去24小时内交易于$115,128.00-$118,489.00区间，平均价格$117,381.71，日内波动率2.9%。网络算力维持在985.1 EH/s水平。技术指标处于中性区间。","{'price_range': '$115,128.00 - $118,489.00', 'avg_price': '$117,381.71', 'avg_hashrate': '985.07 EH/s', 'market_sentiment': '贪婪', 'rsi_signal': '中性 - 保持观望'}",['网络算力强劲，网络安全性高'],"{'risk_score': 50, 'risk_level': '中', 'factors': ['价格波动率', '技术指标', '市场情绪']}",2025-08-17 08:00:28.883801,2025-08-18 08:00:28.883801,0.85,2025-08-18 08:00:29.125142
49,daily,2025-08-19 08:00:30.001718,Bitcoin Daily Analysis - 2025-08-19,"Bitcoin在过去24小时内交易于$114,677.00-$116,976.00区间，平均价格$115,643.25，日内波动率2.0%。网络算力维持在949.9 EH/s水平。技术指标处于中性区间。","{'price_range': '$114,677.00 - $116,976.00', 'avg_price': '$115,643.25', 'avg_hashrate': '949.91 EH/s', 'market_sentiment': '贪婪', 'rsi_signal': '中性 - 保持观望'}","['低波动环境，适合长期持有策略', '网络算力强劲，网络安全性高']","{'risk_score': 40, 'risk_level': '中', 'factors': ['价格波动率', '技术指标', '市场情绪']}",2025-08-18 08:00:30.001718,2025-08-19 08:00:30.001718,0.85,2025-08-19 08:00:30.275729
50,daily,2025-08-20 08:00:49.307844,Bitcoin Daily Analysis - 2025-08-20,"Bitcoin在过去24小时内交易于$112,693.00-$115,809.00区间，平均价格$113,875.91，日内波动率2.7%。网络算力维持在896.6 EH/s水平。技术指标处于中性区间。","{'price_range': '$112,693.00 - $115,809.00', 'avg_price': '$113,875.91', 'avg_hashrate': '896.56 EH/s', 'market_sentiment': '中性', 'rsi_signal': '中性 - 保持观望'}",['网络算力强劲，网络安全性高'],"{'risk_score': 50, 'risk_level': '中', 'factors': ['价格波动率', '技术指标', '市场情绪']}",2025-08-19 08:00:49.307844,2025-08-20 08:00:49.307844,0.85,2025-08-20 08:00:49.999591
51,daily,2025-08-20 20:00:35.353504,Bitcoin Daily Analysis - 2025-08-20,"Bitcoin在过去24小时内交易于$112,656.00-$114,200.00区间，平均价格$113,450.89，日内波动率1.4%。网络算力维持在872.2 EH/s水平。技术指标处于中性区间。","{'price_range': '$112,656.00 - $114,200.00', 'avg_price': '$113,450.89', 'avg_hashrate': '872.17 EH/s', 'market_sentiment': '中性', 'rsi_signal': '中性 - 保持观望'}","['低波动环境，适合长期持有策略', '网络算力强劲，网络安全性高']","{'risk_score': 40, 'risk_level': '中', 'factors': ['价格波动率', '技术指标', '市场情绪']}",2025-08-19 20:00:35.353504,2025-08-20 20:00:35.353504,0.85,2025-08-20 20:00:36.056792
52,daily,2025-08-21 08:00:05.492962,Bitcoin Daily Analysis - 2025-08-21,"Bitcoin在过去24小时内交易于$113,559.00-$114,650.00区间，平均价格$113,826.00，日内波动率1.0%。网络算力维持在916.2 EH/s水平。技术指标显示超买状态。","{'price_range': '$113,559.00 - $114,650.00', 'avg_price': '$113,826.00', 'avg_hashrate': '916.18 EH/s', 'market_sentiment': '中性', 'rsi_signal': '超买 - 考虑卖出'}","['低波动环境，适合长期持有策略', 'RSI超买，谨慎追涨', '网络算力强劲，网络安全性高']","{'risk_score': 60, 'risk_level': '中', 'factors': ['价格波动率', '技术指标', '市场情绪']}",2025-08-20 08:00:05.492962,2025-08-21 08:00:05.492962,0.85,2025-08-21 08:00:06.025619
53,daily,2025-08-21 08:00:15.060481,Bitcoin Daily Analysis - 2025-08-21,"Bitcoin在过去24小时内交易于$113,559.00-$114,650.00区间，平均价格$113,826.00，日内波动率1.0%。网络算力维持在916.2 EH/s水平。技术指标显示超买状态。","{'price_range': '$113,559.00 - $114,650.00', 'avg_price': '$113,826.00', 'avg_hashrate': '916.18 EH/s', 'market_sentiment': '中性', 'rsi_signal': '超买 - 考虑卖出'}","['低波动环境，适合长期持有策略', 'RSI超买，谨慎追涨', '网络算力强劲，网络安全性高']","{'risk_score': 60, 'risk_level': '中', 'factors': ['价格波动率', '技术指标', '市场情绪']}",2025-08-20 08:00:15.060481,2025-08-21 08:00:15.060481,0.85,2025-08-21 08:00:15.202551
54,daily,2025-08-21 20:00:26.696056,Bitcoin Daily Analysis - 2025-08-21,"Bitcoin在过去24小时内交易于$112,020.00-$114,650.00区间，平均价格$113,469.39，日内波动率2.3%。网络算力维持在920.6 EH/s水平。技术指标处于中性区间。","{'price_range': '$112,020.00 - $114,650.00', 'avg_price': '$113,469.39', 'avg_hashrate': '920.57 EH/s', 'market_sentiment': '中性', 'rsi_signal': '中性 - 保持观望'}",['网络算力强劲，网络安全性高'],"{'risk_score': 50, 'risk_level': '中', 'factors': ['价格波动率', '技术指标', '市场情绪']}",2025-08-20 20:00:26.696056,2025-08-21 20:00:26.696056,0.85,2025-08-21 20:00:26.969786
55,daily,2025-08-22 08:01:23.739949,Bitcoin Daily Analysis - 2025-08-22,"Bitcoin在过去24小时内交易于$112,020.00-$113,899.00区间，平均价格$112,908.01，日内波动率1.7%。网络算力维持在936.2 EH/s水平。技术指标处于中性区间。","{'price_range': '$112,020.00 - $113,899.00', 'avg_price': '$112,908.01', 'avg_hashrate': '936.20 EH/s', 'market_sentiment': '中性', 'rsi_signal': '中性 - 保持观望'}","['低波动环境，适合长期持有策略', '网络算力强劲，网络安全性高']","{'risk_score': 40, 'risk_level': '中', 'factors': ['价格波动率', '技术指标', '市场情绪']}",2025-08-21 08:01:23.739949,2025-08-22 08:01:23.739949,0.85,2025-08-22 08:01:24.029378
56,daily,2025-08-22 20:00:06.652420,Bitcoin Daily Analysis - 2025-08-22,"Bitcoin在过去24小时内交易于$111,764.00-$117,058.00区间，平均价格$113,161.07，日内波动率4.7%。网络算力维持在949.7 EH/s水平。技术指标处于中性区间。","{'price_range': '$111,764.00 - $117,058.00', 'avg_price': '$113,161.07', 'avg_hashrate': '949.71 EH/s', 'market_sentiment': '中性', 'rsi_signal': '中性 - 保持观望'}",['网络算力强劲，网络安全性高'],"{'risk_score': 50, 'risk_level': '中', 'factors': ['价格波动率', '技术指标', '市场情绪']}",2025-08-21 20:00:06.652420,2025-08-22 20:00:06.652420,0.85,2025-08-22 20:00:06.879585
57,daily,2025-08-23 08:00:52.515045,Bitcoin Daily Analysis - 2025-08-23,"Bitcoin在过去24小时内交易于$111,764.00-$117,058.00区间，平均价格$115,603.79，日内波动率4.6%。网络算力维持在951.8 EH/s水平。技术指标处于中性区间。","{'price_range': '$111,764.00 - $117,058.00', 'avg_price': '$115,603.79', 'avg_hashrate': '951.79 EH/s', 'market_sentiment': '中性', 'rsi_signal': '中性 - 保持观望'}",['网络算力强劲，网络安全性高'],"{'risk_score': 50, 'risk_level': '中', 'factors': ['价格波动率', '技术指标', '市场情绪']}",2025-08-22 08:00:52.515045,2025-08-23 08:00:52.515045,0.85,2025-08-23 08:00:52.929230
58,daily,2025-08-23 20:00:16.302259,Bitcoin Daily Analysis - 2025-08-23,"Bitcoin在过去24小时内交易于$114,583.00-$117,013.00区间，平均价格$115,806.33，日内波动率2.1%。网络算力维持在930.2 EH/s水平。技术指标处于中性区间。","{'price_range': '$114,583.00 - $117,013.00', 'avg_price': '$115,806.33', 'avg_hashrate': '930.24 EH/s', 'market_sentiment': '贪婪', 'rsi_signal': '中性 - 保持观望'}",['网络算力强劲，网络安全性高'],"{'risk_score': 50, 'risk_level': '中', 'factors': ['价格波动率', '技术指标', '市场情绪']}",2025-08-22 20:00:16.302259,2025-08-23 20:00:16.302259,0.85,2025-08-23 20:00:16.450143
59,daily,2025-08-23 20:00:24.279028,Bitcoin Daily Analysis - 2025-08-23,"Bitcoin在过去24小时内交易于$114,583.00-$117,013.00区间，平均价格$115,806.33，日内波动率2.1%。网络算力维持在930.2 EH/s水平。技术指标处于中性区间。","{'price_range': '$114,583.00 - $117,013.00', 'avg_price': '$115,806.33', 'avg_hashrate': '930.24 EH/s', 'market_sentiment': '贪婪', 'rsi_signal': '中性 - 保持观望'}",['网络算力强劲，网络安全性高'],"{'risk_score': 50, 'risk_level': '中', 'factors': ['价格波动率', '技术指标', '市场情绪']}",2025-08-22 20:00:24.279028,2025-08-23 20:00:24.279028,0.85,2025-08-23 20:00:24.606208
60,daily,2025-08-24 08:00:48.714298,Bitcoin Daily Analysis - 2025-08-24,"Bitcoin在过去24小时内交易于$114,583.00-$115,797.00区间，平均价格$115,183.38，日内波动率1.1%。网络算力维持在946.3 EH/s水平。技术指标处于中性区间。","{'price_range': '$114,583.00 - $115,797.00', 'avg_price': '$115,183.38', 'avg_hashrate': '946.33 EH/s', 'market_sentiment': '贪婪', 'rsi_signal': '中性 - 保持观望'}","['低波动环境，适合长期持有策略', '网络算力强劲，网络安全性高']","{'risk_score': 40, 'risk_level': '中', 'factors': ['价格波动率', '技术指标', '市场情绪']}",2025-08-23 08:00:48.714298,2025-08-24 08:00:48.714298,0.85,2025-08-24 08:00:49.030809
61,daily,2025-08-24 20:00:51.823442,Bitcoin Daily Analysis - 2025-08-24,"Bitcoin在过去24小时内交易于$112,952.00-$115,546.00区间，平均价格$114,973.57，日内波动率2.3%。网络算力维持在980.2 EH/s水平。技术指标显示超卖状态。","{'price_range': '$112,952.00 - $115,546.00', 'avg_price': '$114,973.57', 'avg_hashrate': '980.16 EH/s', 'market_sentiment': '中性', 'rsi_signal': '超卖 - 考虑买入'}","['RSI超卖，可考虑逢低买入', '网络算力强劲，网络安全性高']","{'risk_score': 50, 'risk_level': '中', 'factors': ['价格波动率', '技术指标', '市场情绪']}",2025-08-23 20:00:51.823442,2025-08-24 20:00:51.823442,0.85,2025-08-24 20:00:52.029771
62,daily,2025-08-25 08:00:39.437695,Bitcoin Daily Analysis - 2025-08-25,"Bitcoin在过去24小时内交易于$111,557.00-$114,927.00区间，平均价格$113,606.95，日内波动率3.0%。网络算力维持在1027.4 EH/s水平。技术指标显示超卖状态。","{'price_range': '$111,557.00 - $114,927.00', 'avg_price': '$113,606.95', 'avg_hashrate': '1027.36 EH/s', 'market_sentiment': '中性', 'rsi_signal': '超卖 - 考虑买入'}","['RSI超卖，可考虑逢低买入', '网络算力强劲，网络安全性高']","{'risk_score': 70, 'risk_level': '高', 'factors': ['价格波动率', '技术指标', '市场情绪']}",2025-08-24 08:00:39.437695,2025-08-25 08:00:39.437695,0.85,2025-08-25 08:00:39.973098
63,daily,2025-08-25 20:00:05.970152,Bitcoin Daily Analysis - 2025-08-25,"Bitcoin在过去24小时内交易于$110,865.00-$113,592.00区间，平均价格$112,482.36，日内波动率2.4%。网络算力维持在1007.1 EH/s水平。技术指标显示超卖状态。","{'price_range': '$110,865.00 - $113,592.00', 'avg_price': '$112,482.36', 'avg_hashrate': '1007.10 EH/s', 'market_sentiment': '中性', 'rsi_signal': '超卖 - 考虑买入'}","['RSI超卖，可考虑逢低买入', '网络算力强劲，网络安全性高']","{'risk_score': 70, 'risk_level': '高', 'factors': ['价格波动率', '技术指标', '市场情绪']}",2025-08-24 20:00:05.970152,2025-08-25 20:00:05.970152,0.85,2025-08-25 20:00:06.321377
